airport_a,airport_a_name,airport_b,airport_b_name,distance_km,iata_a,iata_b
MY-LBP,Long Banga Airport,WBGB,Bintulu Airport,264.6,LBP,BTU
MY-LBP,Long Banga Airport,WBGF,Long Lellang Airport,36.7,LBP,LGL
WBGB,Bintulu Airport,WBGF,Long Lellang Airport,239.2,BTU,LGL
MY-LBP,Long Banga Airport,WBGG,Kuching International Airport,592.4,LBP,KCH
WBGB,Bintulu Airport,WBGG,Kuching International Airport,347.7,BTU,KCH
WBGF,Long Lellang Airport,WBGG,Kuching International Airport,575.1,LGL,KCH
MY-LBP,Long Banga Airport,WBGI,Long Seridan Airport,93.7,LBP,ODN
WBGB,Bintulu Airport,WBGI,Long Seridan Airport,246.2,BTU,ODN
WBGF,Long Lellang Airport,WBGI,Long Seridan Airport,62.5,LGL,ODN
WBGG,Kuching International Airport,WBGI,Long Seridan Airport,592.2,KCH,ODN
MY-LBP,Long Banga Airport,WBGJ,Limbang Airport,183.8,LBP,LMN
WBGB,Bintulu Airport,WBGJ,Limbang Airport,289.5,BTU,LMN
WBGF,Long Lellang Airport,WBGJ,Limbang Airport,155.1,LGL,LMN
WBGG,Kuching International Airport,WBGJ,Limbang Airport,635.3,KCH,LMN
WBGI,Long Seridan Airport,WBGJ,Limbang Airport,92.8,ODN,LMN
MY-LBP,Long Banga Airport,WBGK,Mukah Airport,374.6,LBP,MKM
WBGB,Bintulu Airport,WBGK,Mukah Airport,111.7,BTU,MKM
WBGF,Long Lellang Airport,WBGK,Mukah Airport,350.5,LGL,MKM
WBGG,Kuching International Airport,WBGK,Mukah Airport,243.6,KCH,MKM
WBGI,Long Seridan Airport,WBGK,Mukah Airport,357.0,ODN,MKM
WBGJ,Limbang Airport,WBGK,Mukah Airport,392.7,LMN,MKM
MY-LBP,Long Banga Airport,WBGM,Marudi Airport,161.0,LBP,MUR
WBGB,Bintulu Airport,WBGM,Marudi Airport,186.8,BTU,MUR
WBGF,Long Lellang Airport,WBGM,Marudi Airport,124.3,LGL,MUR
WBGG,Kuching International Airport,WBGM,Marudi Airport,533.5,KCH,MUR
WBGI,Long Seridan Airport,WBGM,Marudi Airport,84.8,ODN,MUR
WBGJ,Limbang Airport,WBGM,Marudi Airport,102.8,LMN,MUR
WBGK,Mukah Airport,WBGM,Marudi Airport,291.9,MKM,MUR
MY-LBP,Long Banga Airport,WBGQ,Bakalalan Airport,89.1,LBP,BKM
WBGB,Bintulu Airport,WBGQ,Bakalalan Airport,303.4,BTU,BKM
WBGF,Long Lellang Airport,WBGQ,Bakalalan Airport,80.2,LGL,BKM
WBGG,Kuching International Airport,WBGQ,Bakalalan Airport,646.8,KCH,BKM
WBGI,Long Seridan Airport,WBGQ,Bakalalan Airport,61.1,ODN,BKM
WBGJ,Limbang Airport,WBGQ,Bakalalan Airport,114.7,LMN,BKM
WBGK,Mukah Airport,WBGQ,Bakalalan Airport,414.9,MKM,BKM
WBGM,Marudi Airport,WBGQ,Bakalalan Airport,144.6,MUR,BKM
MY-LBP,Long Banga Airport,WBGR,Miri Airport,200.4,LBP,MYY
WBGB,Bintulu Airport,WBGR,Miri Airport,171.1,BTU,MYY
WBGF,Long Lellang Airport,WBGR,Miri Airport,163.7,LGL,MYY
WBGG,Kuching International Airport,WBGR,Miri Airport,512.0,KCH,MYY
WBGI,Long Seridan Airport,WBGR,Miri Airport,125.8,ODN,MYY
WBGJ,Limbang Airport,WBGR,Miri Airport,125.6,LMN,MYY
WBGK,Mukah Airport,WBGR,Miri Airport,268.6,MKM,MYY
WBGM,Marudi Airport,WBGR,Miri Airport,41.3,MUR,MYY
WBGQ,Bakalalan Airport,WBGR,Miri Airport,185.0,BKM,MYY
MY-LBP,Long Banga Airport,WBGS,Sibu Airport,393.6,LBP,SBW
WBGB,Bintulu Airport,WBGS,Sibu Airport,149.7,BTU,SBW
WBGF,Long Lellang Airport,WBGS,Sibu Airport,374.8,LGL,SBW
WBGG,Kuching International Airport,WBGS,Sibu Airport,200.8,KCH,SBW
WBGI,Long Seridan Airport,WBGS,Sibu Airport,391.7,ODN,SBW
WBGJ,Limbang Airport,WBGS,Sibu Airport,439.2,LMN,SBW
WBGK,Mukah Airport,WBGS,Sibu Airport,69.3,MKM,SBW
WBGM,Marudi Airport,WBGS,Sibu Airport,336.5,MUR,SBW
WBGQ,Bakalalan Airport,WBGS,Sibu Airport,446.0,BKM,SBW
WBGR,Miri Airport,WBGS,Sibu Airport,319.2,MYY,SBW
MY-LBP,Long Banga Airport,WBGW,Lawas Airport,183.1,LBP,LWY
WBGB,Bintulu Airport,WBGW,Lawas Airport,327.1,BTU,LWY
WBGF,Long Lellang Airport,WBGW,Lawas Airport,161.3,LGL,LWY
WBGG,Kuching International Airport,WBGW,Lawas Airport,674.3,KCH,LWY
WBGI,Long Seridan Airport,WBGW,Lawas Airport,104.2,ODN,LWY
WBGJ,Limbang Airport,WBGW,Lawas Airport,44.3,LMN,LWY
WBGK,Mukah Airport,WBGW,Lawas Airport,432.6,MKM,LWY
WBGM,Marudi Airport,WBGW,Lawas Airport,140.8,MUR,LWY
WBGQ,Bakalalan Airport,WBGW,Lawas Airport,100.1,BKM,LWY
WBGR,Miri Airport,WBGW,Lawas Airport,168.1,MYY,LWY
WBGS,Sibu Airport,WBGW,Lawas Airport,476.5,SBW,LWY
MY-LBP,Long Banga Airport,WBGZ,Bario Airport,59.8,LBP,BBN
WBGB,Bintulu Airport,WBGZ,Bario Airport,281.2,BTU,BBN
WBGF,Long Lellang Airport,WBGZ,Bario Airport,50.1,LGL,BBN
WBGG,Kuching International Airport,WBGZ,Bario Airport,621.7,KCH,BBN
WBGI,Long Seridan Airport,WBGZ,Bario Airport,52.9,ODN,BBN
WBGJ,Limbang Airport,WBGZ,Bario Airport,130.2,LMN,BBN
WBGK,Mukah Airport,WBGZ,Bario Airport,392.9,MKM,BBN
WBGM,Marudi Airport,WBGZ,Bario Airport,136.6,MUR,BBN
WBGQ,Bakalalan Airport,WBGZ,Bario Airport,30.8,BKM,BBN
WBGR,Miri Airport,WBGZ,Bario Airport,177.9,MYY,BBN
WBGS,Sibu Airport,WBGZ,Bario Airport,421.1,SBW,BBN
WBGW,Lawas Airport,WBGZ,Bario Airport,124.2,LWY,BBN
MY-LBP,Long Banga Airport,WBKD,Lahad Datu Airport,382.7,LBP,LDU
WBGB,Bintulu Airport,WBKD,Lahad Datu Airport,625.3,BTU,LDU
WBGF,Long Lellang Airport,WBKD,Lahad Datu Airport,394.5,LGL,LDU
WBGG,Kuching International Airport,WBKD,Lahad Datu Airport,968.6,KCH,LDU
WBGI,Long Seridan Airport,WBKD,Lahad Datu Airport,379.6,ODN,LDU
WBGJ,Limbang Airport,WBKD,Lahad Datu Airport,368.0,LMN,LDU
WBGK,Mukah Airport,WBKD,Lahad Datu Airport,736.5,MKM,LDU
WBGM,Marudi Airport,WBKD,Lahad Datu Airport,452.7,MUR,LDU
WBGQ,Bakalalan Airport,WBKD,Lahad Datu Airport,322.2,BKM,LDU
WBGR,Miri Airport,WBKD,Lahad Datu Airport,487.1,MYY,LDU
WBGS,Sibu Airport,WBKD,Lahad Datu Airport,767.9,SBW,LDU
WBGW,Lawas Airport,WBKD,Lahad Datu Airport,323.7,LWY,LDU
WBGZ,Bario Airport,WBKD,Lahad Datu Airport,346.9,BBN,LDU
MY-LBP,Long Banga Airport,WBKK,Kota Kinabalu International Airport,312.0,LBP,BKI
WBGB,Bintulu Airport,WBKK,Kota Kinabalu International Airport,458.6,BTU,BKI
WBGF,Long Lellang Airport,WBKK,Kota Kinabalu International Airport,296.4,LGL,BKI
WBGG,Kuching International Airport,WBKK,Kota Kinabalu International Airport,802.3,KCH,BKI
WBGI,Long Seridan Airport,WBKK,Kota Kinabalu International Airport,243.2,ODN,BKI
WBGJ,Limbang Airport,WBKK,Kota Kinabalu International Airport,169.9,LMN,BKI
WBGK,Mukah Airport,WBKK,Kota Kinabalu International Airport,558.8,MKM,BKI
WBGM,Marudi Airport,WBKK,Kota Kinabalu International Airport,272.6,MUR,BKI
WBGQ,Bakalalan Airport,WBKK,Kota Kinabalu International Airport,223.0,BKM,BKI
WBGR,Miri Airport,WBKK,Kota Kinabalu International Airport,290.2,MYY,BKI
WBGS,Sibu Airport,WBKK,Kota Kinabalu International Airport,608.1,SBW,BKI
WBGW,Lawas Airport,WBKK,Kota Kinabalu International Airport,139.8,LWY,BKI
WBGZ,Bario Airport,WBKK,Kota Kinabalu International Airport,252.5,BBN,BKI
WBKD,Lahad Datu Airport,WBKK,Kota Kinabalu International Airport,270.9,LDU,BKI
MY-LBP,Long Banga Airport,WBKL,Labuan Airport,234.1,LBP,LBU
WBGB,Bintulu Airport,WBKL,Labuan Airport,346.0,BTU,LBU
WBGF,Long Lellang Airport,WBKL,Labuan Airport,209.4,LGL,LBU
WBGG,Kuching International Airport,WBKL,Labuan Airport,689.2,KCH,LBU
WBGI,Long Seridan Airport,WBKL,Labuan Airport,148.8,ODN,LBU
WBGJ,Limbang Airport,WBKL,Labuan Airport,60.9,LMN,LBU
WBGK,Mukah Airport,WBKL,Labuan Airport,445.8,MKM,LBU
WBGM,Marudi Airport,WBKL,Labuan Airport,161.1,MUR,LBU
WBGQ,Bakalalan Airport,WBKL,Labuan Airport,153.2,BKM,LBU
WBGR,Miri Airport,WBKL,Labuan Airport,177.2,MYY,LBU
WBGS,Sibu Airport,WBKL,Labuan Airport,495.3,SBW,LBU
WBGW,Lawas Airport,WBKL,Labuan Airport,53.3,LWY,LBU
WBGZ,Bario Airport,WBKL,Labuan Airport,176.1,BBN,LBU
WBKD,Lahad Datu Airport,WBKL,Labuan Airport,341.9,LDU,LBU
WBKK,Kota Kinabalu International Airport,WBKL,Labuan Airport,113.1,BKI,LBU
MY-LBP,Long Banga Airport,WBKM,Tomanggong Airport,436.1,LBP,TMG
WBGB,Bintulu Airport,WBKM,Tomanggong Airport,674.5,BTU,TMG
WBGF,Long Lellang Airport,WBKM,Tomanggong Airport,446.6,LGL,TMG
WBGG,Kuching International Airport,WBKM,Tomanggong Airport,1019.2,KCH,TMG
WBGI,Long Seridan Airport,WBKM,Tomanggong Airport,428.3,ODN,TMG
WBGJ,Limbang Airport,WBKM,Tomanggong Airport,409.4,LMN,TMG
WBGK,Mukah Airport,WBKM,Tomanggong Airport,785.2,MKM,TMG
WBGM,Marudi Airport,WBKM,Tomanggong Airport,498.4,MUR,TMG
WBGQ,Bakalalan Airport,WBKM,Tomanggong Airport,372.4,BKM,TMG
WBGR,Miri Airport,WBKM,Tomanggong Airport,531.2,MYY,TMG
WBGS,Sibu Airport,WBKM,Tomanggong Airport,818.5,SBW,TMG
WBGW,Lawas Airport,WBKM,Tomanggong Airport,365.1,LWY,TMG
WBGZ,Bario Airport,WBKM,Tomanggong Airport,398.2,BBN,TMG
WBKD,Lahad Datu Airport,WBKM,Tomanggong Airport,55.3,LDU,TMG
WBKK,Kota Kinabalu International Airport,WBKM,Tomanggong Airport,294.6,BKI,TMG
WBKL,Labuan Airport,WBKM,Tomanggong Airport,377.6,LBU,TMG
MY-LBP,Long Banga Airport,WBKS,Sandakan Airport,420.5,LBP,SDK
WBGB,Bintulu Airport,WBKS,Sandakan Airport,638.2,BTU,SDK
WBGF,Long Lellang Airport,WBKS,Sandakan Airport,423.9,LGL,SDK
WBGG,Kuching International Airport,WBKS,Sandakan Airport,985.7,KCH,SDK
WBGI,Long Seridan Airport,WBKS,Sandakan Airport,394.5,ODN,SDK
WBGJ,Limbang Airport,WBKS,Sandakan Airport,358.7,LMN,SDK
WBGK,Mukah Airport,WBKS,Sandakan Airport,746.6,MKM,SDK
WBGM,Marudi Airport,WBKS,Sandakan Airport,455.2,MUR,SDK
WBGQ,Bakalalan Airport,WBKS,Sandakan Airport,345.0,BKM,SDK
WBGR,Miri Airport,WBKS,Sandakan Airport,483.9,MYY,SDK
WBGS,Sibu Airport,WBKS,Sandakan Airport,785.8,SBW,SDK
WBGW,Lawas Airport,WBKS,Sandakan Airport,315.9,LWY,SDK
WBGZ,Bario Airport,WBKS,Sandakan Airport,373.8,BBN,SDK
WBKD,Lahad Datu Airport,WBKS,Sandakan Airport,100.9,LDU,SDK
WBKK,Kota Kinabalu International Airport,WBKS,Sandakan Airport,222.3,BKI,SDK
WBKL,Labuan Airport,WBKS,Sandakan Airport,318.1,LBU,SDK
WBKM,Tomanggong Airport,WBKS,Sandakan Airport,86.4,TMG,SDK
MY-LBP,Long Banga Airport,WBKT,Kudat Airport,443.3,LBP,KUD
WBGB,Bintulu Airport,WBKT,Kudat Airport,597.7,BTU,KUD
WBGF,Long Lellang Airport,WBKT,Kudat Airport,431.8,LGL,KUD
WBGG,Kuching International Airport,WBKT,Kudat Airport,939.2,KCH,KUD
WBGI,Long Seridan Airport,WBKT,Kudat Airport,381.9,ODN,KUD
WBGJ,Limbang Airport,WBKT,Kudat Airport,310.1,LMN,KUD
WBGK,Mukah Airport,WBKT,Kudat Airport,695.7,MKM,KUD
WBGM,Marudi Airport,WBKT,Kudat Airport,412.5,MUR,KUD
WBGQ,Bakalalan Airport,WBKT,Kudat Airport,354.7,BKM,KUD
WBGR,Miri Airport,WBKT,Kudat Airport,428.0,MYY,KUD
WBGS,Sibu Airport,WBKT,Kudat Airport,746.9,SBW,KUD
WBGW,Lawas Airport,WBKT,Kudat Airport,279.7,LWY,KUD
WBGZ,Bario Airport,WBKT,Kudat Airport,385.2,BBN,KUD
WBKD,Lahad Datu Airport,WBKT,Kudat Airport,267.0,LDU,KUD
WBKK,Kota Kinabalu International Airport,WBKT,Kudat Airport,140.5,BKI,KUD
WBKL,Labuan Airport,WBKT,Kudat Airport,251.8,LBU,KUD
WBKM,Tomanggong Airport,WBKT,Kudat Airport,262.9,TMG,KUD
WBKS,Sandakan Airport,WBKT,Kudat Airport,176.6,SDK,KUD
MY-LBP,Long Banga Airport,WBKW,Tawau Airport,326.1,LBP,TWU
WBGB,Bintulu Airport,WBKW,Tawau Airport,581.3,BTU,TWU
WBGF,Long Lellang Airport,WBKW,Tawau Airport,343.8,LGL,TWU
WBGG,Kuching International Airport,WBKW,Tawau Airport,918.1,KCH,TWU
WBGI,Long Seridan Airport,WBKW,Tawau Airport,340.8,ODN,TWU
WBGJ,Limbang Airport,WBKW,Tawau Airport,349.3,LMN,TWU
WBGK,Mukah Airport,WBKW,Tawau Airport,693.0,MKM,TWU
WBGM,Marudi Airport,WBKW,Tawau Airport,420.7,MUR,TWU
WBGQ,Bakalalan Airport,WBKW,Tawau Airport,280.2,BKM,TWU
WBGR,Miri Airport,WBKW,Tawau Airport,458.4,MYY,TWU
WBGS,Sibu Airport,WBKW,Tawau Airport,718.4,SBW,TWU
WBGW,Lawas Airport,WBKW,Tawau Airport,306.6,LWY,TWU
WBGZ,Bario Airport,WBKW,Tawau Airport,300.1,BBN,TWU
WBKD,Lahad Datu Airport,WBKW,Tawau Airport,83.0,LDU,TWU
WBKK,Kota Kinabalu International Airport,WBKW,Tawau Airport,291.7,BKI,TWU
WBKL,Labuan Airport,WBKW,Tawau Airport,336.8,LBU,TWU
WBKM,Tomanggong Airport,WBKW,Tawau Airport,134.9,TMG,TWU
WBKS,Sandakan Airport,WBKW,Tawau Airport,176.7,SDK,TWU
WBKT,Kudat Airport,WBKW,Tawau Airport,323.2,KUD,TWU
MY-LBP,Long Banga Airport,WBMU,Mulu Airport,115.1,LBP,MZV
WBGB,Bintulu Airport,WBMU,Mulu Airport,223.2,BTU,MZV
WBGF,Long Lellang Airport,WBMU,Mulu Airport,79.8,LGL,MZV
WBGG,Kuching International Airport,WBMU,Mulu Airport,570.6,KCH,MZV
WBGI,Long Seridan Airport,WBMU,Mulu Airport,30.2,ODN,MZV
WBGJ,Limbang Airport,WBMU,Mulu Airport,87.5,LMN,MZV
WBGK,Mukah Airport,WBMU,Mulu Airport,332.8,MKM,MZV
WBGM,Marudi Airport,WBMU,Mulu Airport,54.6,MUR,MZV
WBGQ,Bakalalan Airport,WBMU,Mulu Airport,90.6,BKM,MZV
WBGR,Miri Airport,WBMU,Mulu Airport,95.7,MYY,MZV
WBGS,Sibu Airport,WBMU,Mulu Airport,370.8,SBW,MZV
WBGW,Lawas Airport,WBMU,Mulu Airport,111.3,LWY,MZV
WBGZ,Bario Airport,WBMU,Mulu Airport,82.5,BBN,MZV
WBKD,Lahad Datu Airport,WBMU,Mulu Airport,405.1,LDU,MZV
WBKK,Kota Kinabalu International Airport,WBMU,Mulu Airport,250.8,BKI,MZV
WBKL,Labuan Airport,WBMU,Mulu Airport,147.8,LBU,MZV
WBKM,Tomanggong Airport,WBMU,Mulu Airport,452.7,TMG,MZV
WBKS,Sandakan Airport,WBMU,Mulu Airport,415.2,SDK,MZV
WBKT,Kudat Airport,WBMU,Mulu Airport,390.9,KUD,MZV
WBKW,Tawau Airport,WBMU,Mulu Airport,369.0,TWU,MZV
MY-LBP,Long Banga Airport,WMBT,Tioman Airport,1249.0,LBP,TOD
WBGB,Bintulu Airport,WMBT,Tioman Airport,984.4,BTU,TOD
WBGF,Long Lellang Airport,WMBT,Tioman Airport,1222.5,LGL,TOD
WBGG,Kuching International Airport,WMBT,Tioman Airport,703.8,KCH,TOD
WBGI,Long Seridan Airport,WMBT,Tioman Airport,1217.5,ODN,TOD
WBGJ,Limbang Airport,WMBT,Tioman Airport,1223.9,LMN,TOD
WBGK,Mukah Airport,WMBT,Tioman Airport,875.5,MKM,TOD
WBGM,Marudi Airport,WMBT,Tioman Airport,1138.8,MUR,TOD
WBGQ,Bakalalan Airport,WMBT,Tioman Airport,1278.3,BKM,TOD
WBGR,Miri Airport,WMBT,Tioman Airport,1103.3,MYY,TOD
WBGS,Sibu Airport,WMBT,Tioman Airport,871.4,SBW,TOD
WBGW,Lawas Airport,WMBT,Tioman Airport,1268.1,LWY,TOD
WBGZ,Bario Airport,WMBT,Tioman Airport,1260.6,BBN,TOD
WBKD,Lahad Datu Airport,WMBT,Tioman Airport,1590.3,LDU,TOD
WBKK,Kota Kinabalu International Airport,WMBT,Tioman Airport,1362.7,BKI,TOD
WBKL,Labuan Airport,WMBT,Tioman Airport,1260.4,LBU,TOD
WBKM,Tomanggong Airport,WMBT,Tioman Airport,1633.2,TMG,TOD
WBKS,Sandakan Airport,WMBT,Tioman Airport,1578.5,SDK,TOD
WBKT,Kudat Airport,WMBT,Tioman Airport,1476.6,KUD,TOD
WBKW,Tawau Airport,WMBT,Tioman Airport,1558.3,TWU,TOD
WBMU,Mulu Airport,WMBT,Tioman Airport,1189.4,MZV,TOD
MY-LBP,Long Banga Airport,WMKA,Sultan Abdul Halim Airport,1695.4,LBP,AOR
WBGB,Bintulu Airport,WMKA,Sultan Abdul Halim Airport,1439.6,BTU,AOR
WBGF,Long Lellang Airport,WMKA,Sultan Abdul Halim Airport,1663.6,LGL,AOR
WBGG,Kuching International Airport,WMKA,Sultan Abdul Halim Airport,1221.7,KCH,AOR
WBGI,Long Seridan Airport,WMKA,Sultan Abdul Halim Airport,1643.1,ODN,AOR
WBGJ,Limbang Airport,WMKA,Sultan Abdul Halim Airport,1624.5,LMN,AOR
WBGK,Mukah Airport,WMKA,Sultan Abdul Halim Airport,1342.0,MKM,AOR
WBGM,Marudi Airport,WMKA,Sultan Abdul Halim Airport,1558.9,MUR,AOR
WBGQ,Bakalalan Airport,WMKA,Sultan Abdul Halim Airport,1703.5,BKM,AOR
WBGR,Miri Airport,WMKA,Sultan Abdul Halim Airport,1518.8,MYY,AOR
WBGS,Sibu Airport,WMKA,Sultan Abdul Halim Airport,1356.9,SBW,AOR
WBGW,Lawas Airport,WMKA,Sultan Abdul Halim Airport,1667.9,LWY,AOR
WBGZ,Bario Airport,WMKA,Sultan Abdul Halim Airport,1692.6,BBN,AOR
WBKD,Lahad Datu Airport,WMKA,Sultan Abdul Halim Airport,1987.8,LDU,AOR
WBKK,Kota Kinabalu International Airport,WMKA,Sultan Abdul Halim Airport,1730.8,BKI,AOR
WBKL,Labuan Airport,WMKA,Sultan Abdul Halim Airport,1645.9,LBU,AOR
WBKM,Tomanggong Airport,WMKA,Sultan Abdul Halim Airport,2021.8,TMG,AOR
WBKS,Sandakan Airport,WMKA,Sultan Abdul Halim Airport,1953.1,SDK,AOR
WBKT,Kudat Airport,WMKA,Sultan Abdul Halim Airport,1817.7,KUD,AOR
WBKW,Tawau Airport,WMKA,Sultan Abdul Halim Airport,1973.4,TWU,AOR
WBMU,Mulu Airport,WMKA,Sultan Abdul Halim Airport,1613.1,MZV,AOR
WMBT,Tioman Airport,WMKA,Sultan Abdul Halim Airport,560.7,TOD,AOR
MY-LBP,Long Banga Airport,WMKC,Sultan Ismail Petra Airport,1489.5,LBP,KBR
WBGB,Bintulu Airport,WMKC,Sultan Ismail Petra Airport,1235.9,BTU,KBR
WBGF,Long Lellang Airport,WMKC,Sultan Ismail Petra Airport,1457.3,LGL,KBR
WBGG,Kuching International Airport,WMKC,Sultan Ismail Petra Airport,1034.4,KCH,KBR
WBGI,Long Seridan Airport,WMKC,Sultan Ismail Petra Airport,1435.6,ODN,KBR
WBGJ,Limbang Airport,WMKC,Sultan Ismail Petra Airport,1415.6,LMN,KBR
WBGK,Mukah Airport,WMKC,Sultan Ismail Petra Airport,1140.7,MKM,KBR
WBGM,Marudi Airport,WMKC,Sultan Ismail Petra Airport,1351.2,MUR,KBR
WBGQ,Bakalalan Airport,WMKC,Sultan Ismail Petra Airport,1495.8,BKM,KBR
WBGR,Miri Airport,WMKC,Sultan Ismail Petra Airport,1310.9,MYY,KBR
WBGS,Sibu Airport,WMKC,Sultan Ismail Petra Airport,1159.0,SBW,KBR
WBGW,Lawas Airport,WMKC,Sultan Ismail Petra Airport,1458.9,LWY,KBR
WBGZ,Bario Airport,WMKC,Sultan Ismail Petra Airport,1485.4,BBN,KBR
WBKD,Lahad Datu Airport,WMKC,Sultan Ismail Petra Airport,1778.4,LDU,KBR
WBKK,Kota Kinabalu International Airport,WMKC,Sultan Ismail Petra Airport,1521.3,BKI,KBR
WBKL,Labuan Airport,WMKC,Sultan Ismail Petra Airport,1436.5,LBU,KBR
WBKM,Tomanggong Airport,WMKC,Sultan Ismail Petra Airport,1812.3,TMG,KBR
WBKS,Sandakan Airport,WMKC,Sultan Ismail Petra Airport,1743.6,SDK,KBR
WBKT,Kudat Airport,WMKC,Sultan Ismail Petra Airport,1608.8,KUD,KBR
WBKW,Tawau Airport,WMKC,Sultan Ismail Petra Airport,1764.6,TWU,KBR
WBMU,Mulu Airport,WMKC,Sultan Ismail Petra Airport,1405.5,MZV,KBR
WMBT,Tioman Airport,WMKC,Sultan Ismail Petra Airport,426.0,TOD,KBR
WMKA,Sultan Abdul Halim Airport,WMKC,Sultan Ismail Petra Airport,209.5,AOR,KBR
MY-LBP,Long Banga Airport,WMKD,Kuantan Airport,1354.8,LBP,KUA
WBGB,Bintulu Airport,WMKD,Kuantan Airport,1091.4,BTU,KUA
WBGF,Long Lellang Airport,WMKD,Kuantan Airport,1326.2,LGL,KUA
WBGG,Kuching International Airport,WMKD,Kuantan Airport,833.3,KCH,KUA
WBGI,Long Seridan Airport,WMKD,Kuantan Airport,1315.7,ODN,KUA
WBGJ,Limbang Airport,WMKD,Kuantan Airport,1313.5,LMN,KUA
WBGK,Mukah Airport,WMKD,Kuantan Airport,985.7,MKM,KUA
WBGM,Marudi Airport,WMKD,Kuantan Airport,1234.5,MUR,KUA
WBGQ,Bakalalan Airport,WMKD,Kuantan Airport,1376.8,BKM,KUA
WBGR,Miri Airport,WMKD,Kuantan Airport,1197.0,MYY,KUA
WBGS,Sibu Airport,WMKD,Kuantan Airport,988.9,SBW,KUA
WBGW,Lawas Airport,WMKD,Kuantan Airport,1357.9,LWY,KUA
WBGZ,Bario Airport,WMKD,Kuantan Airport,1361.4,BBN,KUA
WBKD,Lahad Datu Airport,WMKD,Kuantan Airport,1681.5,LDU,KUA
WBKK,Kota Kinabalu International Airport,WMKD,Kuantan Airport,1442.6,BKI,KUA
WBKL,Labuan Airport,WMKD,Kuantan Airport,1345.2,LBU,KUA
WBKM,Tomanggong Airport,WMKD,Kuantan Airport,1721.7,TMG,KUA
WBKS,Sandakan Airport,WMKD,Kuantan Airport,1662.1,SDK,KUA
WBKT,Kudat Airport,WMKD,Kuantan Airport,1548.6,KUD,KUA
WBKW,Tawau Airport,WMKD,Kuantan Airport,1655.1,TWU,KUA
WBMU,Mulu Airport,WMKD,Kuantan Airport,1286.8,MZV,KUA
WMBT,Tioman Airport,WMKD,Kuantan Airport,149.9,TOD,KUA
WMKA,Sultan Abdul Halim Airport,WMKD,Kuantan Airport,411.1,AOR,KUA
WMKC,Sultan Ismail Petra Airport,WMKD,Kuantan Airport,284.6,KBR,KUA
MY-LBP,Long Banga Airport,WMKI,Sultan Azlan Shah Airport,1594.7,LBP,IPH
WBGB,Bintulu Airport,WMKI,Sultan Azlan Shah Airport,1333.0,BTU,IPH
WBGF,Long Lellang Airport,WMKI,Sultan Azlan Shah Airport,1565.0,LGL,IPH
WBGG,Kuching International Airport,WMKI,Sultan Azlan Shah Airport,1083.8,KCH,IPH
WBGI,Long Seridan Airport,WMKI,Sultan Azlan Shah Airport,1551.1,ODN,IPH
WBGJ,Limbang Airport,WMKI,Sultan Azlan Shah Airport,1542.7,LMN,IPH
WBGK,Mukah Airport,WMKI,Sultan Azlan Shah Airport,1229.5,MKM,IPH
WBGM,Marudi Airport,WMKI,Sultan Azlan Shah Airport,1468.4,MUR,IPH
WBGQ,Bakalalan Airport,WMKI,Sultan Azlan Shah Airport,1612.1,BKM,IPH
WBGR,Miri Airport,WMKI,Sultan Azlan Shah Airport,1429.8,MYY,IPH
WBGS,Sibu Airport,WMKI,Sultan Azlan Shah Airport,1235.9,SBW,IPH
WBGW,Lawas Airport,WMKI,Sultan Azlan Shah Airport,1586.8,LWY,IPH
WBGZ,Bario Airport,WMKI,Sultan Azlan Shah Airport,1598.2,BBN,IPH
WBKD,Lahad Datu Airport,WMKI,Sultan Azlan Shah Airport,1910.0,LDU,IPH
WBKK,Kota Kinabalu International Airport,WMKI,Sultan Azlan Shah Airport,1663.1,BKI,IPH
WBKL,Labuan Airport,WMKI,Sultan Azlan Shah Airport,1570.4,LBU,IPH
WBKM,Tomanggong Airport,WMKI,Sultan Azlan Shah Airport,1948.0,TMG,IPH
WBKS,Sandakan Airport,WMKI,Sultan Azlan Shah Airport,1884.6,SDK,IPH
WBKT,Kudat Airport,WMKI,Sultan Azlan Shah Airport,1761.4,KUD,IPH
WBKW,Tawau Airport,WMKI,Sultan Azlan Shah Airport,1888.1,TWU,IPH
WBMU,Mulu Airport,WMKI,Sultan Azlan Shah Airport,1521.6,MZV,IPH
WMBT,Tioman Airport,WMKI,Sultan Azlan Shah Airport,392.1,TOD,IPH
WMKA,Sultan Abdul Halim Airport,WMKI,Sultan Azlan Shah Airport,196.1,AOR,IPH
WMKC,Sultan Ismail Petra Airport,WMKI,Sultan Azlan Shah Airport,222.1,KBR,IPH
WMKD,Kuantan Airport,WMKI,Sultan Azlan Shah Airport,250.8,KUA,IPH
MY-LBP,Long Banga Airport,WMKJ,Senai International Airport,1314.8,LBP,JHB
WBGB,Bintulu Airport,WMKJ,Senai International Airport,1051.7,BTU,JHB
WBGF,Long Lellang Airport,WMKJ,Senai International Airport,1290.9,LGL,JHB
WBGG,Kuching International Airport,WMKJ,Senai International Airport,743.0,KCH,JHB
WBGI,Long Seridan Airport,WMKJ,Senai International Airport,1292.1,ODN,JHB
WBGJ,Limbang Airport,WMKJ,Senai International Airport,1307.1,LMN,JHB
WBGK,Mukah Airport,WMKJ,Senai International Airport,940.5,MKM,JHB
WBGM,Marudi Airport,WMKJ,Senai International Airport,1216.9,MUR,JHB
WBGQ,Bakalalan Airport,WMKJ,Senai International Airport,1352.0,BKM,JHB
WBGR,Miri Airport,WMKJ,Senai International Airport,1183.7,MYY,JHB
WBGS,Sibu Airport,WMKJ,Senai International Airport,926.6,SBW,JHB
WBGW,Lawas Airport,WMKJ,Senai International Airport,1350.9,LWY,JHB
WBGZ,Bario Airport,WMKJ,Senai International Airport,1332.0,BBN,JHB
WBKD,Lahad Datu Airport,WMKJ,Senai International Airport,1669.5,LDU,JHB
WBKK,Kota Kinabalu International Airport,WMKJ,Senai International Airport,1453.7,BKI,JHB
WBKL,Labuan Airport,WMKJ,Senai International Airport,1347.8,LBU,JHB
WBKM,Tomanggong Airport,WMKJ,Senai International Airport,1714.9,TMG,JHB
WBKS,Sandakan Airport,WMKJ,Senai International Airport,1664.9,SDK,JHB
WBKT,Kudat Airport,WMKJ,Senai International Airport,1573.3,KUD,JHB
WBKW,Tawau Airport,WMKJ,Senai International Airport,1631.9,TWU,JHB
WBMU,Mulu Airport,WMKJ,Senai International Airport,1265.2,MZV,JHB
WMBT,Tioman Airport,WMKJ,Senai International Airport,141.7,TOD,JHB
WMKA,Sultan Abdul Halim Airport,WMKJ,Senai International Airport,622.5,AOR,JHB
WMKC,Sultan Ismail Petra Airport,WMKJ,Senai International Airport,525.9,KBR,JHB
WMKD,Kuantan Airport,WMKJ,Senai International Airport,242.8,KUA,JHB
WMKI,Sultan Azlan Shah Airport,WMKJ,Senai International Airport,433.4,IPH,JHB
MY-LBP,Long Banga Airport,WMKK,Kuala Lumpur International Airport,1521.2,LBP,KUL
WBGB,Bintulu Airport,WMKK,Kuala Lumpur International Airport,1256.7,BTU,KUL
WBGF,Long Lellang Airport,WMKK,Kuala Lumpur International Airport,1494.6,LGL,KUL
WBGG,Kuching International Airport,WMKK,Kuala Lumpur International Airport,970.5,KCH,KUL
WBGI,Long Seridan Airport,WMKK,Kuala Lumpur International Airport,1489.0,ODN,KUL
WBGJ,Limbang Airport,WMKK,Kuala Lumpur International Airport,1493.3,LMN,KUL
WBGK,Mukah Airport,WMKK,Kuala Lumpur International Airport,1147.7,MKM,KUL
WBGM,Marudi Airport,WMKK,Kuala Lumpur International Airport,1409.7,MUR,KUL
WBGQ,Bakalalan Airport,WMKK,Kuala Lumpur International Airport,1549.8,BKM,KUL
WBGR,Miri Airport,WMKK,Kuala Lumpur International Airport,1373.7,MYY,KUL
WBGS,Sibu Airport,WMKK,Kuala Lumpur International Airport,1142.7,SBW,KUL
WBGW,Lawas Airport,WMKK,Kuala Lumpur International Airport,1537.6,LWY,KUL
WBGZ,Bario Airport,WMKK,Kuala Lumpur International Airport,1532.5,BBN,KUL
WBKD,Lahad Datu Airport,WMKK,Kuala Lumpur International Airport,1860.4,LDU,KUL
WBKK,Kota Kinabalu International Airport,WMKK,Kuala Lumpur International Airport,1628.7,BKI,KUL
WBKL,Labuan Airport,WMKK,Kuala Lumpur International Airport,1528.2,LBU,KUL
WBKM,Tomanggong Airport,WMKK,Kuala Lumpur International Airport,1902.6,TMG,KUL
WBKS,Sandakan Airport,WMKK,Kuala Lumpur International Airport,1846.1,SDK,KUL
WBKT,Kudat Airport,WMKK,Kuala Lumpur International Airport,1738.9,KUD,KUL
WBKW,Tawau Airport,WMKK,Kuala Lumpur International Airport,1829.7,TWU,KUL
WBMU,Mulu Airport,WMKK,Kuala Lumpur International Airport,1460.7,MZV,KUL
WMBT,Tioman Airport,WMKK,Kuala Lumpur International Airport,272.2,TOD,KUL
WMKA,Sultan Abdul Halim Airport,WMKK,Kuala Lumpur International Airport,409.6,AOR,KUL
WMKC,Sultan Ismail Petra Airport,WMKK,Kuala Lumpur International Airport,385.9,KBR,KUL
WMKD,Kuantan Airport,WMKK,Kuala Lumpur International Airport,202.0,KUA,KUL
WMKI,Sultan Azlan Shah Airport,WMKK,Kuala Lumpur International Airport,213.9,IPH,KUL
WMKJ,Senai International Airport,WMKK,Kuala Lumpur International Airport,250.0,JHB,KUL
MY-LBP,Long Banga Airport,WMKL,Langkawi International Airport,1771.0,LBP,LGK
WBGB,Bintulu Airport,WMKL,Langkawi International Airport,1515.2,BTU,LGK
WBGF,Long Lellang Airport,WMKL,Langkawi International Airport,1739.1,LGL,LGK
WBGG,Kuching International Airport,WMKL,Langkawi International Airport,1295.4,KCH,LGK
WBGI,Long Seridan Airport,WMKL,Langkawi International Airport,1718.6,ODN,LGK
WBGJ,Limbang Airport,WMKL,Langkawi International Airport,1699.5,LMN,LGK
WBGK,Mukah Airport,WMKL,Langkawi International Airport,1417.5,MKM,LGK
WBGM,Marudi Airport,WMKL,Langkawi International Airport,1634.3,MUR,LGK
WBGQ,Bakalalan Airport,WMKL,Langkawi International Airport,1778.9,BKM,LGK
WBGR,Miri Airport,WMKL,Langkawi International Airport,1594.2,MYY,LGK
WBGS,Sibu Airport,WMKL,Langkawi International Airport,1432.0,SBW,LGK
WBGW,Lawas Airport,WMKL,Langkawi International Airport,1742.9,LWY,LGK
WBGZ,Bario Airport,WMKL,Langkawi International Airport,1768.1,BBN,LGK
WBKD,Lahad Datu Airport,WMKL,Langkawi International Airport,2062.4,LDU,LGK
WBKK,Kota Kinabalu International Airport,WMKL,Langkawi International Airport,1804.9,BKI,LGK
WBKL,Labuan Airport,WMKL,Langkawi International Airport,1720.5,LBU,LGK
WBKM,Tomanggong Airport,WMKL,Langkawi International Airport,2096.2,TMG,LGK
WBKS,Sandakan Airport,WMKL,Langkawi International Airport,2027.1,SDK,LGK
WBKT,Kudat Airport,WMKL,Langkawi International Airport,1890.7,KUD,LGK
WBKW,Tawau Airport,WMKL,Langkawi International Airport,2048.5,TWU,LGK
WBMU,Mulu Airport,WMKL,Langkawi International Airport,1688.5,MZV,LGK
WMBT,Tioman Airport,WMKL,Langkawi International Airport,627.4,TOD,LGK
WMKA,Sultan Abdul Halim Airport,WMKL,Langkawi International Airport,75.6,AOR,LGK
WMKC,Sultan Ismail Petra Airport,WMKL,Langkawi International Airport,284.0,KBR,LGK
WMKD,Kuantan Airport,WMKL,Langkawi International Airport,478.8,KUA,LGK
WMKI,Sultan Azlan Shah Airport,WMKL,Langkawi International Airport,247.3,IPH,LGK
WMKJ,Senai International Airport,WMKL,Langkawi International Airport,680.3,JHB,LGK
WMKK,Kuala Lumpur International Airport,WMKL,Langkawi International Airport,455.0,KUL,LGK
MY-LBP,Long Banga Airport,WMKM,Malacca International Airport,1464.1,LBP,MKZ
WBGB,Bintulu Airport,WMKM,Malacca International Airport,1199.7,BTU,MKZ
WBGF,Long Lellang Airport,WMKM,Malacca International Airport,1438.5,LGL,MKZ
WBGG,Kuching International Airport,WMKM,Malacca International Airport,904.3,KCH,MKZ
WBGI,Long Seridan Airport,WMKM,Malacca International Airport,1435.4,ODN,MKZ
WBGJ,Limbang Airport,WMKM,Malacca International Airport,1443.7,LMN,MKZ
WBGK,Mukah Airport,WMKM,Malacca International Airport,1089.7,MKM,MKZ
WBGM,Marudi Airport,WMKM,Malacca International Airport,1357.5,MUR,MKZ
WBGQ,Bakalalan Airport,WMKM,Malacca International Airport,1496.0,BKM,MKZ
WBGR,Miri Airport,WMKM,Malacca International Airport,1322.5,MYY,MKZ
WBGS,Sibu Airport,WMKM,Malacca International Airport,1081.3,SBW,MKZ
WBGW,Lawas Airport,WMKM,Malacca International Airport,1487.8,LWY,MKZ
WBGZ,Bario Airport,WMKM,Malacca International Airport,1477.6,BBN,MKZ
WBKD,Lahad Datu Airport,WMKM,Malacca International Airport,1809.5,LDU,MKZ
WBKK,Kota Kinabalu International Airport,WMKM,Malacca International Airport,1583.3,BKI,MKZ
WBKL,Labuan Airport,WMKM,Malacca International Airport,1480.7,LBU,MKZ
WBKM,Tomanggong Airport,WMKM,Malacca International Airport,1852.9,TMG,MKZ
WBKS,Sandakan Airport,WMKM,Malacca International Airport,1798.8,SDK,MKZ
WBKT,Kudat Airport,WMKM,Malacca International Airport,1697.0,KUD,MKZ
WBKW,Tawau Airport,WMKM,Malacca International Airport,1776.2,TWU,MKZ
WBMU,Mulu Airport,WMKM,Malacca International Airport,1407.6,MZV,MKZ
WMBT,Tioman Airport,WMKM,Malacca International Airport,220.6,TOD,MKZ
WMKA,Sultan Abdul Halim Airport,WMKM,Malacca International Airport,482.4,AOR,MKZ
WMKC,Sultan Ismail Petra Airport,WMKM,Malacca International Airport,433.8,KBR,MKZ
WMKD,Kuantan Airport,WMKM,Malacca International Airport,198.6,KUA,MKZ
WMKI,Sultan Azlan Shah Airport,WMKM,Malacca International Airport,286.6,IPH,MKZ
WMKJ,Senai International Airport,WMKM,Malacca International Airport,172.1,JHB,MKZ
WMKK,Kuala Lumpur International Airport,WMKM,Malacca International Airport,80.5,KUL,MKZ
WMKL,Langkawi International Airport,WMKM,Malacca International Airport,531.5,LGK,MKZ
MY-LBP,Long Banga Airport,WMKN,Sultan Mahmud Airport,1385.0,LBP,TGG
WBGB,Bintulu Airport,WMKN,Sultan Mahmud Airport,1127.9,BTU,TGG
WBGF,Long Lellang Airport,WMKN,Sultan Mahmud Airport,1353.7,LGL,TGG
WBGG,Kuching International Airport,WMKN,Sultan Mahmud Airport,913.7,KCH,TGG
WBGI,Long Seridan Airport,WMKN,Sultan Mahmud Airport,1335.1,ODN,TGG
WBGJ,Limbang Airport,WMKN,Sultan Mahmud Airport,1320.3,LMN,TGG
WBGK,Mukah Airport,WMKN,Sultan Mahmud Airport,1029.7,MKM,TGG
WBGM,Marudi Airport,WMKN,Sultan Mahmud Airport,1251.2,MUR,TGG
WBGQ,Bakalalan Airport,WMKN,Sultan Mahmud Airport,1395.7,BKM,TGG
WBGR,Miri Airport,WMKN,Sultan Mahmud Airport,1211.6,MYY,TGG
WBGS,Sibu Airport,WMKN,Sultan Mahmud Airport,1044.6,SBW,TGG
WBGW,Lawas Airport,WMKN,Sultan Mahmud Airport,1364.1,LWY,TGG
WBGZ,Bario Airport,WMKN,Sultan Mahmud Airport,1383.9,BBN,TGG
WBKD,Lahad Datu Airport,WMKN,Sultan Mahmud Airport,1685.9,LDU,TGG
WBKK,Kota Kinabalu International Airport,WMKN,Sultan Mahmud Airport,1433.8,BKI,TGG
WBKL,Labuan Airport,WMKN,Sultan Mahmud Airport,1344.6,LBU,TGG
WBKM,Tomanggong Airport,WMKN,Sultan Mahmud Airport,1721.9,TMG,TGG
WBKS,Sandakan Airport,WMKN,Sultan Mahmud Airport,1655.9,SDK,TGG
WBKT,Kudat Airport,WMKN,Sultan Mahmud Airport,1527.9,KUD,TGG
WBKW,Tawau Airport,WMKN,Sultan Mahmud Airport,1668.2,TWU,TGG
WBMU,Mulu Airport,WMKN,Sultan Mahmud Airport,1305.2,MZV,TGG
WMBT,Tioman Airport,WMKN,Sultan Mahmud Airport,308.3,TOD,TGG
WMKA,Sultan Abdul Halim Airport,WMKN,Sultan Mahmud Airport,312.4,AOR,TGG
WMKC,Sultan Ismail Petra Airport,WMKN,Sultan Mahmud Airport,125.0,KBR,TGG
WMKD,Kuantan Airport,WMKN,Sultan Mahmud Airport,179.1,KUA,TGG
WMKI,Sultan Azlan Shah Airport,WMKN,Sultan Mahmud Airport,240.5,IPH,TGG
WMKJ,Senai International Airport,WMKN,Sultan Mahmud Airport,420.7,JHB,TGG
WMKK,Kuala Lumpur International Airport,WMKN,Sultan Mahmud Airport,331.4,KUL,TGG
WMKL,Langkawi International Airport,WMKN,Sultan Mahmud Airport,387.8,LGK,TGG
WMKM,Malacca International Airport,WMKN,Sultan Mahmud Airport,359.2,MKZ,TGG
MY-LBP,Long Banga Airport,WMKP,Penang International Airport,1693.2,LBP,PEN
WBGB,Bintulu Airport,WMKP,Penang International Airport,1433.6,BTU,PEN
WBGF,Long Lellang Airport,WMKP,Penang International Airport,1662.6,LGL,PEN
WBGG,Kuching International Airport,WMKP,Penang International Airport,1195.8,KCH,PEN
WBGI,Long Seridan Airport,WMKP,Penang International Airport,1645.8,ODN,PEN
WBGJ,Limbang Airport,WMKP,Penang International Airport,1632.8,LMN,PEN
WBGK,Mukah Airport,WMKP,Penang International Airport,1332.3,MKM,PEN
WBGM,Marudi Airport,WMKP,Penang International Airport,1562.3,MUR,PEN
WBGQ,Bakalalan Airport,WMKP,Penang International Airport,1706.6,BKM,PEN
WBGR,Miri Airport,WMKP,Penang International Airport,1523.0,MYY,PEN
WBGS,Sibu Airport,WMKP,Penang International Airport,1342.1,SBW,PEN
WBGW,Lawas Airport,WMKP,Penang International Airport,1676.7,LWY,PEN
WBGZ,Bario Airport,WMKP,Penang International Airport,1694.0,BBN,PEN
WBKD,Lahad Datu Airport,WMKP,Penang International Airport,1998.8,LDU,PEN
WBKK,Kota Kinabalu International Airport,WMKP,Penang International Airport,1746.9,BKI,PEN
WBKL,Labuan Airport,WMKP,Penang International Airport,1657.7,LBU,PEN
WBKM,Tomanggong Airport,WMKP,Penang International Airport,2035.0,TMG,PEN
WBKS,Sandakan Airport,WMKP,Penang International Airport,1969.0,SDK,PEN
WBKT,Kudat Airport,WMKP,Penang International Airport,1839.8,KUD,PEN
WBKW,Tawau Airport,WMKP,Penang International Airport,1980.3,TWU,PEN
WBMU,Mulu Airport,WMKP,Penang International Airport,1616.1,MZV,PEN
WMBT,Tioman Airport,WMKP,Penang International Airport,511.3,TOD,PEN
WMKA,Sultan Abdul Halim Airport,WMKP,Penang International Airport,100.2,AOR,PEN
WMKC,Sultan Ismail Petra Airport,WMKP,Penang International Airport,243.2,KBR,PEN
WMKD,Kuantan Airport,WMKP,Penang International Airport,366.4,KUA,PEN
WMKI,Sultan Azlan Shah Airport,WMKP,Penang International Airport,121.4,IPH,PEN
WMKJ,Senai International Airport,WMKP,Penang International Airport,554.1,JHB,PEN
WMKK,Kuala Lumpur International Airport,WMKP,Penang International Airport,325.2,KUL,PEN
WMKL,Langkawi International Airport,WMKP,Penang International Airport,129.9,LGK,PEN
WMKM,Malacca International Airport,WMKP,Penang International Airport,402.1,MKZ,PEN
WMKN,Sultan Mahmud Airport,WMKP,Penang International Airport,313.1,TGG,PEN
MY-LBP,Long Banga Airport,WMPA,Pulau Pangkor Airport,1651.7,LBP,PKG
WBGB,Bintulu Airport,WMPA,Pulau Pangkor Airport,1389.0,BTU,PKG
WBGF,Long Lellang Airport,WMPA,Pulau Pangkor Airport,1622.5,LGL,PKG
WBGG,Kuching International Airport,WMPA,Pulau Pangkor Airport,1130.6,KCH,PKG
WBGI,Long Seridan Airport,WMPA,Pulau Pangkor Airport,1610.0,ODN,PKG
WBGJ,Limbang Airport,WMPA,Pulau Pangkor Airport,1603.7,LMN,PKG
WBGK,Mukah Airport,WMPA,Pulau Pangkor Airport,1284.1,MKM,PKG
WBGM,Marudi Airport,WMPA,Pulau Pangkor Airport,1527.8,MUR,PKG
WBGQ,Bakalalan Airport,WMPA,Pulau Pangkor Airport,1671.1,BKM,PKG
WBGR,Miri Airport,WMPA,Pulau Pangkor Airport,1489.6,MYY,PKG
WBGS,Sibu Airport,WMPA,Pulau Pangkor Airport,1288.1,SBW,PKG
WBGW,Lawas Airport,WMPA,Pulau Pangkor Airport,1647.9,LWY,PKG
WBGZ,Bario Airport,WMPA,Pulau Pangkor Airport,1656.6,BBN,PKG
WBKD,Lahad Datu Airport,WMPA,Pulau Pangkor Airport,1971.4,LDU,PKG
WBKK,Kota Kinabalu International Airport,WMPA,Pulau Pangkor Airport,1726.4,BKI,PKG
WBKL,Labuan Airport,WMPA,Pulau Pangkor Airport,1632.6,LBU,PKG
WBKM,Tomanggong Airport,WMPA,Pulau Pangkor Airport,2010.0,TMG,PKG
WBKS,Sandakan Airport,WMPA,Pulau Pangkor Airport,1947.6,SDK,PKG
WBKT,Kudat Airport,WMPA,Pulau Pangkor Airport,1826.3,KUD,PKG
WBKW,Tawau Airport,WMPA,Pulau Pangkor Airport,1948.1,TWU,PKG
WBMU,Mulu Airport,WMPA,Pulau Pangkor Airport,1580.7,MZV,PKG
WMBT,Tioman Airport,WMPA,Pulau Pangkor Airport,430.6,TOD,PKG
WMKA,Sultan Abdul Halim Airport,WMPA,Pulau Pangkor Airport,216.9,AOR,PKG
WMKC,Sultan Ismail Petra Airport,WMPA,Pulau Pangkor Airport,287.8,KBR,PKG
WMKD,Kuantan Airport,WMPA,Pulau Pangkor Airport,299.2,KUA,PKG
WMKI,Sultan Azlan Shah Airport,WMPA,Pulau Pangkor Airport,69.7,IPH,PKG
WMKJ,Senai International Airport,WMPA,Pulau Pangkor Airport,451.2,JHB,PKG
WMKK,Kuala Lumpur International Airport,WMPA,Pulau Pangkor Airport,210.4,KUL,PKG
WMKL,Langkawi International Airport,WMPA,Pulau Pangkor Airport,249.2,LGK,PKG
WMKM,Malacca International Airport,WMPA,Pulau Pangkor Airport,289.9,MKZ,PKG
WMKN,Sultan Mahmud Airport,WMPA,Pulau Pangkor Airport,309.6,TGG,PKG
WMKP,Penang International Airport,WMPA,Pulau Pangkor Airport,120.9,PEN,PKG
MY-LBP,Long Banga Airport,WMSA,Sultan Abdul Aziz Shah International Airport,1538.0,LBP,SZB
WBGB,Bintulu Airport,WMSA,Sultan Abdul Aziz Shah International Airport,1273.6,BTU,SZB
WBGF,Long Lellang Airport,WMSA,Sultan Abdul Aziz Shah International Airport,1510.7,LGL,SZB
WBGG,Kuching International Airport,WMSA,Sultan Abdul Aziz Shah International Airport,995.0,KCH,SZB
WBGI,Long Seridan Airport,WMSA,Sultan Abdul Aziz Shah International Airport,1503.2,ODN,SZB
WBGJ,Limbang Airport,WMSA,Sultan Abdul Aziz Shah International Airport,1504.7,LMN,SZB
WBGK,Mukah Airport,WMSA,Sultan Abdul Aziz Shah International Airport,1165.6,MKM,SZB
WBGM,Marudi Airport,WMSA,Sultan Abdul Aziz Shah International Airport,1423.1,MUR,SZB
WBGQ,Bakalalan Airport,WMSA,Sultan Abdul Aziz Shah International Airport,1564.2,BKM,SZB
WBGR,Miri Airport,WMSA,Sultan Abdul Aziz Shah International Airport,1386.4,MYY,SZB
WBGS,Sibu Airport,WMSA,Sultan Abdul Aziz Shah International Airport,1163.2,SBW,SZB
WBGW,Lawas Airport,WMSA,Sultan Abdul Aziz Shah International Airport,1549.1,LWY,SZB
WBGZ,Bario Airport,WMSA,Sultan Abdul Aziz Shah International Airport,1547.6,BBN,SZB
WBKD,Lahad Datu Airport,WMSA,Sultan Abdul Aziz Shah International Airport,1872.4,LDU,SZB
WBKK,Kota Kinabalu International Airport,WMSA,Sultan Abdul Aziz Shah International Airport,1637.1,BKI,SZB
WBKL,Labuan Airport,WMSA,Sultan Abdul Aziz Shah International Airport,1538.1,LBU,SZB
WBKM,Tomanggong Airport,WMSA,Sultan Abdul Aziz Shah International Airport,1913.7,TMG,SZB
WBKS,Sandakan Airport,WMSA,Sultan Abdul Aziz Shah International Airport,1855.7,SDK,SZB
WBKT,Kudat Airport,WMSA,Sultan Abdul Aziz Shah International Airport,1744.8,KUD,SZB
WBKW,Tawau Airport,WMSA,Sultan Abdul Aziz Shah International Airport,1843.5,TWU,SZB
WBMU,Mulu Airport,WMSA,Sultan Abdul Aziz Shah International Airport,1474.6,MZV,SZB
WMBT,Tioman Airport,WMSA,Sultan Abdul Aziz Shah International Airport,292.0,TOD,SZB
WMKA,Sultan Abdul Halim Airport,WMSA,Sultan Abdul Aziz Shah International Airport,363.3,AOR,SZB
WMKC,Sultan Ismail Petra Airport,WMSA,Sultan Abdul Aziz Shah International Airport,347.5,KBR,SZB
WMKD,Kuantan Airport,WMSA,Sultan Abdul Aziz Shah International Airport,197.7,KUA,SZB
WMKI,Sultan Azlan Shah Airport,WMSA,Sultan Abdul Aziz Shah International Airport,167.6,IPH,SZB
WMKJ,Senai International Airport,WMSA,Sultan Abdul Aziz Shah International Airport,288.0,JHB,SZB
WMKK,Kuala Lumpur International Airport,WMSA,Sultan Abdul Aziz Shah International Airport,46.4,KUL,SZB
WMKL,Langkawi International Airport,WMSA,Sultan Abdul Aziz Shah International Airport,408.9,LGK,SZB
WMKM,Malacca International Airport,WMSA,Sultan Abdul Aziz Shah International Airport,123.9,MKZ,SZB
WMKN,Sultan Mahmud Airport,WMSA,Sultan Abdul Aziz Shah International Airport,304.0,TGG,SZB
WMKP,Penang International Airport,WMSA,Sultan Abdul Aziz Shah International Airport,279.1,PEN,SZB
WMPA,Pulau Pangkor Airport,WMSA,Sultan Abdul Aziz Shah International Airport,166.0,PKG,SZB
